{
  "batch_sizes": [
    1,
    2,
    4,
    8,
    16
  ],
  "avg_times_ms": [
    38.72544631958008,
    40.65391387939453,
    59.08481979370117,
    111.25538482666016,
    213.9054718017578
  ],
  "std_times_ms": [
    2.1232575853331226,
    4.0786337220009585,
    0.2366707138591711,
    0.5230014512791155,
    0.6554689071033322
  ],
  "all_trials": {
    "1": [
      42.971649169921875,
      37.706302642822266,
      37.640384674072266,
      37.67427062988281,
      37.63462448120117
    ],
    "2": [
      48.80976104736328,
      38.516929626464844,
      38.711265563964844,
      38.544830322265625,
      38.68678283691406
    ],
    "4": [
      58.80854415893555,
      59.33763122558594,
      59.39769744873047,
      58.945152282714844,
      58.93507385253906
    ],
    "8": [
      110.49769592285156,
      111.53359985351562,
      110.77235412597656,
      111.83570861816406,
      111.63756561279297
    ],
    "16": [
      213.44931030273438,
      214.26812744140625,
      214.63218688964844,
      212.85401916503906,
      214.32371520996094
    ]
  }
}