{
  "model": "meta-llama/Llama-3.1-8B",
  "prompt": "long",
  "token_lengths_kv": [
    1,
    2,
    4,
    8,
    16,
    32,
    64,
    128,
    256,
    512
  ],
  "token_lengths_no_kv": [
    1,
    2,
    4,
    8,
    16,
    32
  ],
  "times_with_kv": [
    3.753260374069214,
    3.7638280391693115,
    3.8258488178253174,
    3.9345057010650635,
    4.153499364852905,
    4.589020490646362,
    5.454362392425537,
    7.184162139892578,
    10.628448009490967,
    17.522504568099976
  ],
  "times_no_kv": [
    3.7358224391937256,
    7.472593545913696,
    14.964768171310425,
    29.948708534240723,
    59.951958417892456,
    120.01277112960815
  ]
}