{
  "accuracy": 0.9966666666666667,
  "correct": 99.66666666666667,
  "total": 100,
  "total_time_seconds": 4588.817482709885,
  "avg_batch_time_seconds": 45.887546553611756,
  "throughput_examples_per_second": 0.02179210665422803,
  "stats": {
    "total_requests": 100,
    "total_tokens": 179983,
    "avg_tokens_per_request": 1799.83
  }
}