{
  "accuracy": 0.72,
  "correct": 72.0,
  "total": 100,
  "total_time_seconds": 1866.2531552314758,
  "avg_batch_time_seconds": 18.662149877548217,
  "throughput_examples_per_second": 0.05358329855715462,
  "stats": {
    "total_requests": 100,
    "total_tokens": 33530,
    "avg_tokens_per_request": 335.3
  }
}