{
  "accuracy": 0.9966666666666667,
  "correct": 99.66666666666667,
  "total": 100,
  "total_time_seconds": 1867.1274557113647,
  "avg_batch_time_seconds": 18.670734539031983,
  "throughput_examples_per_second": 0.053558207659637556,
  "stats": {
    "total_requests": 100,
    "total_tokens": 179788,
    "avg_tokens_per_request": 1797.88
  }
}