{
  "accuracy": 0.9966666666666667,
  "correct": 99.66666666666667,
  "total": 100,
  "total_time_seconds": 2703.4858968257904,
  "avg_batch_time_seconds": 27.03423714876175,
  "throughput_examples_per_second": 0.03698928117857457,
  "stats": {
    "total_requests": 100,
    "total_tokens": 180134,
    "avg_tokens_per_request": 1801.34
  }
}