{
  "accuracy": 0.81,
  "correct": 81.0,
  "total": 100,
  "total_time_seconds": 112.24354338645935,
  "avg_batch_time_seconds": 1.1222770881652833,
  "throughput_examples_per_second": 0.8909198425400354,
  "stats": {
    "total_requests": 100,
    "total_tokens": 22652,
    "avg_tokens_per_request": 226.52
  }
}